@id,title,dateCreated,dateModified,sameAs,storageRegion.prefLabel,storageByteCount,creator.@id,creator.name,usage.viewCount,resourceNature.displayLabel,rights.name,hasOsfAddon.prefLabel,funder.name
https://test.osf.io/cj8wg,component files,2024-10-17,2024-10-17,,United States,47657,https://test.osf.io/atryg,Blaine Butler,1,,CC-By Attribution-ShareAlike 4.0 International,,
https://test.osf.io/2g735,Cognitive Load and Task Switching in Online Learning,2025-09-17,2025-11-25,,United States,2097128,https://test.osf.io/4yjuh ; https://test.osf.io/8627p ; https://test.osf.io/qa6hy,Mark (Read) ; Mark (Write) ; Adrian Novak,3,,CC0 1.0 Universal,,
https://test.osf.io/mjfeb,VRL - UAT Hotfix Check,2025-07-10,2025-07-10,,United States,0,https://test.osf.io/p8yhf,LC Test - Creator Admin Contributor,,,,,
https://test.osf.io/hvrgu,Public Private test,2020-07-15,2020-07-15,,United States,83866,https://test.osf.io/djvfh,Alex DeHaven,,,,,
https://test.osf.io/vf3ub,Fork of Supplement project new,2025-10-16,2025-10-16,,United States,14822,https://test.osf.io/kzqhy,Ramyashri Virajamangala,,Book,Apache License 2.0,S3,"Nanoscience and Nanoengineering, Duke University"
https://test.osf.io/jxwpb,Corbin's test project,2019-11-01,2021-02-01,,United States,73248,https://test.osf.io/4ytz7,Corbin Sanders,,,,,
https://test.osf.io/58m96,Search Test,2019-04-02,2019-04-02,,United States,0,https://test.osf.io/mfnwq,Dawn Pattison,,,,,
https://test.osf.io/6gbcj,Main project,2021-05-26,2024-01-05,,United States,369,https://test.osf.io/qnaus,Futa COS Ikeda,,,Artistic License 2.0,,
https://test.osf.io/wv64f,We are testing preprint stuff,2025-10-06,2025-10-06,,United States,0,https://test.osf.io/h9jng,Crystal Steltenpohl,,,Mozilla Public License 2.0,,
https://test.osf.io/bgz78,test proj supplem,2025-10-07,2025-10-07,,Canada - Montréal,0,https://test.osf.io/cdr63,Eric Olson,,,,,
https://test.osf.io/b7wja,DC Test - Collection Project - 12192022,2022-12-19,2022-12-19,,United States,3593,https://test.osf.io/e3sfk ; https://test.osf.io/mj5yh ; https://test.osf.io/uzsqc,DC Test  Emu ; DC Test - Bat ; DC Test - Owl,,,CC0 1.0 Universal,,
https://test.osf.io/dqseg,Metadata Tutorial Evaluation,2022-08-11,2025-11-20,,United States,71296,https://test.osf.io/c78ru,Gretchen Gueguen,5,,CC-By Attribution 4.0 International,,
https://test.osf.io/3zk4a,Public Component,2024-10-07,2025-01-08,,United States,47657,https://test.osf.io/uwdve,Fake Person,1,,,,
https://test.osf.io/bgyke,c11,2020-11-16,2020-11-16,,United States,0,https://test.osf.io/kbc2d,Matt,,,,,
https://test.osf.io/9u4wm,1,2023-03-10,2023-03-27,,United States,0,https://test.osf.io/afjrt,DC Test Duck,,,CC0 1.0 Universal,,
https://test.osf.io/xfywd,Analysis,2020-03-31,2021-03-23,,United States,17097,https://test.osf.io/mraqk,Bri L Luis,,,,,
https://test.osf.io/pnm5q,Proposal files,2023-10-16,2023-10-16,,United States,0,https://test.osf.io/atryg,Blaine Butler,,,CC-By Attribution-NonCommercial-NoDerivatives 4.0 International,,
https://test.osf.io/wgfsx,Onedrive project,2025-02-25,2025-05-06,,United States,437,https://test.osf.io/kzqhy,Ramyashri Virajamangala,,,CC0 1.0 Universal,,
https://test.osf.io/zkvf5,Institution SSO w/ Unclaimed or Unconfirmed Accounts,2019-11-04,2021-04-13,,United States,0,https://test.osf.io/dgj72,Longze Chen - Super,1,,,,
https://test.osf.io/v2yfp,addons,2022-08-02,2024-08-09,,United States,0,https://test.osf.io/kbc2d,Matt,1,,,Bitbucket ; Dropbox ; Amazon S3,
https://test.osf.io/nqpyg,Owncloud Project,2025-02-25,2025-04-24,,United States,83122,https://test.osf.io/kzqhy ; https://test.osf.io/n8pkx ; https://test.osf.io/r72xc,Ramyashri Virajamangala ; Ramya+ORCiD ; Ramya Vi,1,,CC0 1.0 Universal,,
https://test.osf.io/knfhm,test affil comp,2025-10-07,2025-10-17,,United States,506808,https://test.osf.io/cdr63,Eric Olson,,,CC0 1.0 Universal,Google Drive,
https://test.osf.io/huvzx,Research Project,2024-03-14,2025-01-08,,United States,0,https://test.osf.io/atryg ; https://test.osf.io/uwdve,Blaine Butler ; Fake Person,,,CC0 1.0 Universal,,
https://test.osf.io/paydv,Test new regression component,2025-11-26,2025-11-26,,United States,0,https://test.osf.io/aepjy ; https://test.osf.io/kzqhy ; https://test.osf.io/t82fv ; https://test.osf.io/wdrkx,OSF Runscope Read ; Ramyashri Virajamangala ; OSFTesting+Read+Write+User ; OSF Test Admin,,,No license,,
https://test.osf.io/ux4by,Visual Attention and Cognitive Load in Dynamic Human-Computer Interfaces,2025-08-27,2025-09-17,,United States,2097128,https://test.osf.io/qa6hy,Adrian Novak,1,,CC0 1.0 Universal,,
https://test.osf.io/xp9gc,c10,2020-11-16,2021-03-23,,United States,0,https://test.osf.io/kbc2d,Matt,,,,,
https://test.osf.io/249vd,This will eventually be a registration,2018-02-28,2018-09-27,https://doi.org/10.5072/FK2OSF.IO/249VD,United States,0,https://test.osf.io/gmea2,Amanda Test Liscouski,,,CC0 1.0 Universal,,
https://test.osf.io/rfzem,Background Research,2025-10-15,2025-10-15,,United States,0,https://test.osf.io/atryg,Blaine Butler,1,,CC-By Attribution 4.0 International,Google Drive,
https://test.osf.io/vg29u,New component test,2025-10-16,2025-10-16,,United States,0,https://test.osf.io/kzqhy,Ramyashri Virajamangala,,,Apache License 2.0,,
https://test.osf.io/cugrd,Hotdog Stand,2018-09-24,2019-07-10,,United States,0,https://test.osf.io/3pwky ; https://test.osf.io/5jqnu ; https://test.osf.io/783bw,Sara Bowman ; Rebecca Rosenblatt ; Nici Product,,,CC-By Attribution 4.0 International,,
https://test.osf.io/e2tk5,Financial report,2023-10-13,2023-10-13,,United States,0,https://test.osf.io/atryg,Blaine Butler,1,,CC-By Attribution-NonCommercial-NoDerivatives 4.0 International,,
https://test.osf.io/zt57x,seen,2022-06-14,2022-11-15,,United States,311976,https://test.osf.io/kbc2d ; https://test.osf.io/ps3hj ; https://test.osf.io/uzsqc,Matt ; DC Test Dog ; DC Test - Owl,1,,,,
https://test.osf.io/xzb2g,Supplement project new,2025-09-15,2025-10-15,https://doi.org/10.70102/FK2OSF.IO/XZB2G,United States,14822,https://test.osf.io/5ckty ; https://test.osf.io/t82fv ; https://test.osf.io/ugp32,OSFTestingReadOnlyUser ; OSFTesting+Read+Write+User ; OSFTesting+Multi+Affs,,Book,Apache License 2.0,S3,"Nanoscience and Nanoengineering, Duke University"
https://test.osf.io/arnd5,A,2021-06-04,2025-10-09,,United States,0,https://test.osf.io/ja6h2,yuhuai,,,GNU General Public License (GPL) 2.0,,
https://test.osf.io/atbqh,[Test Server] All My Test Users,2021-10-06,2021-10-07,,United States,0,https://test.osf.io/dgj72 ; https://test.osf.io/qs75f ; https://test.osf.io/t49sy ; https://test.osf.io/xcrs8,Longze Chen - Super ; LC Test - WRITE Contributor ; LC Test - READ Contributor ; LC Test - Institutions,,,,,
https://test.osf.io/3q9gw,DC Test - Project With Components and Files and Linked Project and Linked Registration - 05252023,2023-05-26,2023-06-15,,United States,48184608,https://test.osf.io/e3sfk,DC Test  Emu,2,,,,
https://test.osf.io/yakjn,DC Test - Project with Multiple Institutions - 07262023,2023-07-26,2023-08-28,,United States,3593,https://test.osf.io/6hg5p ; https://test.osf.io/e3sfk ; https://test.osf.io/zpvad,DC Test - Multiple Institutions ; DC Test  Emu ; DC Test Shark,,Collection,,,Whatcom Museum
https://test.osf.io/f6gm5,Fork of asdf,2020-09-14,2020-09-14,,United States,0,https://test.osf.io/kbc2d,Matt,,,,GitLab,
https://test.osf.io/5uyjr,COVID-19 Research,2019-09-04,2020-09-22,,United States,0,https://test.osf.io/783bw,Nici Product,,,CC-By Attribution 4.0 International,Google Drive,
https://test.osf.io/5f2av,c7,2020-11-16,2021-03-23,,United States,0,https://test.osf.io/kbc2d,Matt,,,,,
https://test.osf.io/wk9ja,Semi-Annual Progress Report 1,2023-10-16,2023-10-16,,United States,0,https://test.osf.io/atryg,Blaine Butler,,,CC-By Attribution-NonCommercial-NoDerivatives 4.0 International,,
https://test.osf.io/86fyc,I made this preprint so my tests would pass.,2018-04-30,2018-08-21,,United States,37167,https://test.osf.io/dkfhp,Lauren Revere,,,,Google Drive,
https://test.osf.io/vbnhm,Datasets,2023-02-02,2023-09-28,,United States,0,https://test.osf.io/atryg,Blaine Butler,,,CC-By Attribution 4.0 International,,
https://test.osf.io/baf8d,A sixth child,2019-04-22,2019-04-22,,United States,0,https://test.osf.io/mfnwq,Dawn Pattison,,,,,
https://test.osf.io/gc2dr,ENG-6096 QA Test Project MK2,2024-10-01,2024-10-01,,United States,0,https://test.osf.io/dgj72 ; https://test.osf.io/p8yhf,Longze Chen - Super ; LC Test - Creator Admin Contributor,1,,,,
https://test.osf.io/evhx4,pls help,2018-12-07,2018-12-14,,United States,1087789,https://test.osf.io/egrnv,Casey Rollins,,,,,
https://test.osf.io/xpsfm,i18n zip,2019-04-26,2019-04-26,,United States,27193,https://test.osf.io/kbc2d,Matt,,,,,
https://test.osf.io/erfdj,Verified Resource Linking,2025-02-18,2025-05-29,https://doi.org/10.70102/FK2OSF.IO/ERFDJ,United States,13705,https://test.osf.io/dgj72,Longze Chen - Super,1,,Apache License 2.0,,
https://test.osf.io/hzqjc,Collection Moderation Test Project,2022-12-19,2022-12-20,,United States,0,https://test.osf.io/hwkr8 ; https://test.osf.io/wzrnh,Mark Read 12.22 ; Mark Admin 12.22,4,,Apache License 2.0,,
https://test.osf.io/vp7tq,Templated from u,2025-09-18,2025-09-25,,Canada - Montréal,0,https://test.osf.io/cdr63,Eric Olson,,,GNU Lesser General Public License (LGPL) 2.1,,
https://test.osf.io/beq4n,Materials,2020-03-31,2021-03-26,,United States,111309,https://test.osf.io/mraqk,Bri L Luis,,,,Dropbox ; Google Drive,
https://test.osf.io/emrqp,DOI test 2,2020-11-06,2020-11-07,https://doi.org/10.70102/FK2OSF.IO/EMRQP,United States,0,https://test.osf.io/ydhnf,John Tordoff,,,,,
https://test.osf.io/yx2g6,Test Component,2019-04-24,2019-04-24,,Germany - Frankfurt,0,https://test.osf.io/mfnwq,Dawn Pattison,,,CC0 1.0 Universal,,
https://test.osf.io/ztcqn,Woop For Unreg,2018-12-14,2018-12-14,,United States,0,https://test.osf.io/r28ct ; https://test.osf.io/ybh3w,Erin Braswell ; Unreg Erin 2,,,,,
https://test.osf.io/tb8uk,wikiwiki,2021-11-12,2022-07-25,,United States,0,https://test.osf.io/kbc2d,Matt,,,,,
https://test.osf.io/d8pc4,Test DOI/GUID creation,2025-06-11,2025-06-11,https://doi.org/10.70102/FK2OSF.IO/D8PC4,United States,0,https://test.osf.io/kzqhy,Ramyashri Virajamangala,,,,,
https://test.osf.io/c6tzs,test affil,2024-01-03,2024-01-30,,United States,137414,https://test.osf.io/cdr63,Eric Olson,,,CC-By Attribution-ShareAlike 4.0 International,,
https://test.osf.io/kfqpy,layer 3,2025-10-17,2025-10-17,,United States,156516,https://test.osf.io/cdr63,Eric Olson,,,CC0 1.0 Universal,Box,
https://test.osf.io/9ymuc,Testing Addons Admin,2025-02-03,2025-02-21,,United States,128189531,https://test.osf.io/atryg,Blaine Butler,1,,,,
https://test.osf.io/34rg2,A third child,2019-04-22,2019-04-22,,United States,0,https://test.osf.io/mfnwq,Dawn Pattison,,,,,
https://test.osf.io/crm6k,Study 2,2020-07-19,2020-07-20,,United States,0,https://test.osf.io/cdr63 ; https://test.osf.io/g9hjn ; https://test.osf.io/q3jfw,Eric Olson ; Kayla Brown ; Claire Riss,,,CC-By Attribution 4.0 International,,
https://test.osf.io/y47cw,Download free games and software!,2021-02-24,2021-02-24,,United States,0,https://test.osf.io/4ytz7,Corbin Sanders,,,,,
https://test.osf.io/98tjb,Test Project for Open Syllabi,2019-06-26,2019-06-26,,Germany - Frankfurt,8,https://test.osf.io/mfnwq,Dawn Pattison,,,,,
https://test.osf.io/g8skh,hello,2017-11-29,2018-04-13,,United States,0,https://test.osf.io/3pwky,Sara Bowman,,,CC0 1.0 Universal,,
https://test.osf.io/vutz5,talkfjasldkfj,2019-01-08,2019-07-10,,United States,0,https://test.osf.io/783bw,Nici Product,,,CC-By Attribution 4.0 International,,
https://test.osf.io/r2pqs,ttt,2025-06-12,2025-07-15,,Canada - Montréal,0,https://test.osf.io/cdr63,Eric Olson,,,CC-By Attribution 4.0 International,Google Drive,
https://test.osf.io/5q7wb,Spot check PBandS release,2025-10-27,2025-10-27,,United States,0,https://test.osf.io/5ckty ; https://test.osf.io/kzqhy ; https://test.osf.io/t82fv ; https://test.osf.io/wdrkx,OSFTestingReadOnlyUser ; Ramyashri Virajamangala ; OSFTesting+Read+Write+User ; OSF Test Admin,2,Book,Apache License 2.0,Box ; Google Drive,"Nanoscience and Nanoengineering, Duke University"
https://test.osf.io/t2dwn,Test,2023-12-20,2024-02-26,,United States,40892,https://test.osf.io/atryg,Blaine Butler,1,,CC-By Attribution 4.0 International,,
https://test.osf.io/8esc5,"Probing children's understanding of ecological sustainability, ethical AI, and social equality of social robots",2025-02-25,2025-07-23,,United States,0,https://test.osf.io/8627p ; https://test.osf.io/qa6hy,Mark (Write) ; Adrian Novak,,,CC0 1.0 Universal,,
https://test.osf.io/axm36,Fork of All the Addons,2025-07-21,2025-11-06,,United States,194007,https://test.osf.io/mafpg ; https://test.osf.io/qnaus,Futa Ikeda ; Futa COS Ikeda,4,,,Dropbox ; Github,
https://test.osf.io/9jzwu,Wiki test,2023-10-13,2025-02-14,,United States,0,https://test.osf.io/ydhnf,John Tordoff,,,CC0 1.0 Universal,,
https://test.osf.io/qga7j,Test Project with Separate Casing - Open Syllabi,2019-06-26,2019-06-26,,Germany - Frankfurt,0,https://test.osf.io/mfnwq,Dawn Pattison,,,,,
https://test.osf.io/6hmxw,Uday's Test Project,2019-06-14,2021-01-20,,United States,835272,https://test.osf.io/ep6js ; https://test.osf.io/udcnb,Yadu Rakdehkrav ; Uday Varkhedkar,,,,,
https://test.osf.io/sgh6c,guitars&amp;amps,2018-12-20,2018-12-20,,United States,0,https://test.osf.io/r28ct,Erin Braswell,,,,,
https://test.osf.io/bvdgz,Bulk Upload Test - Admin Initiator,2021-12-21,2023-09-15,,United States,0,https://test.osf.io/8d7zv ; https://test.osf.io/dgj72 ; https://test.osf.io/t49sy ; https://test.osf.io/xcrs8,DC Test Moderator ; Longze Chen - Super ; LC Test - READ Contributor ; LC Test - Institutions,1,,,,
https://test.osf.io/43bnx,Knowledge and Skill Acquisition through Gamified Learning,2025-09-17,2025-09-17,,United States,0,https://test.osf.io/e4mgw,Asher Cardiff Lestibournes,,,,,
https://test.osf.io/zw4x6,This is Test 3,2024-09-19,2024-09-19,,United States,0,https://test.osf.io/8wtph,Mark911 UAT-A,,,,,
https://test.osf.io/pyuhd,Public Component,2023-03-27,2023-03-27,,United States,0,https://test.osf.io/afjrt,DC Test Duck,1,,,,
https://test.osf.io/wbfhx,fdghj,2025-10-08,2025-11-10,,United States,0,https://test.osf.io/qnaus,Futa COS Ikeda,5,,CC-By Attribution 4.0 International,,
https://test.osf.io/bmcyt,Commentary on Peer Review in Organizational Neuroscience,2025-11-20,2025-11-20,,United States,2228,https://test.osf.io/8j25u ; https://test.osf.io/c78ru,Michaela Riggio ; Gretchen Gueguen,5,,CC0 1.0 Universal,,
https://test.osf.io/gmx35,Test,2018-04-30,2019-02-13,,United States,0,https://test.osf.io/3pwky,Sara Bowman,,,,,
https://test.osf.io/2rgpq,test,2021-11-12,2022-03-03,https://doi.org/10.70102/FK2OSF.IO/2RGPQ,United States,4772,https://test.osf.io/fs8ux,Daniel Steger,,,,,
https://test.osf.io/96kq2,Sniff TEST,2025-05-05,2025-07-28,https://doi.org/10.70102/FK2OSF.IO/96KQ2,United States,866978,https://test.osf.io/atryg,Blaine Butler,,,CC0 1.0 Universal,Github,
https://test.osf.io/2yxc3,test,2023-07-12,2025-10-31,https://doi.org/10.70102/FK2OSF.IO/2YXC3,United States,1333024992,https://test.osf.io/5mv4a ; https://test.osf.io/ydhnf,John Alt ; John Tordoff,,,,Google Drive ; S3,
https://test.osf.io/juzga,agae,2025-02-19,2025-03-11,,United States,0,https://test.osf.io/8627p,Mark (Write),,,,,
https://test.osf.io/p9xtk,FSCI Course: Scholarly Communications Intro,2019-10-21,2019-10-22,,United States,51899202,https://test.osf.io/783bw,Nici Product,,,CC-By Attribution 4.0 International,,
https://test.osf.io/kte8z,New Title,2023-10-27,2025-01-08,,United States,10736278,https://test.osf.io/atryg ; https://test.osf.io/fs8ux ; https://test.osf.io/uwdve,Blaine Butler ; Daniel Steger ; Fake Person,,,CC-By Attribution-NonCommercial-NoDerivatives 4.0 International,,
https://test.osf.io/ybdfg,Component 2,2025-08-13,2025-08-21,,United States,0,https://test.osf.io/qa6hy,Adrian Novak,1,,CC0 1.0 Universal,,
https://test.osf.io/mbs69,Research Project,2025-10-02,2025-10-02,,United States,0,https://test.osf.io/h9jng ; https://test.osf.io/xth23,Crystal Steltenpohl ; Eric Olson,,Project,CC-By Attribution-NonCommercial-NoDerivatives 4.0 International,,NIH Blueprint for Neuroscience Research
https://test.osf.io/57an4,"An Individual Differences Investigation of the Relations Among Life Event Stress, Working Memory Capacity, and Mind Wandering: A Replication-Extension Study",2025-10-15,2025-10-27,,United States,0,https://test.osf.io/atryg,Blaine Butler,4,,CC-By Attribution 4.0 International,,
https://test.osf.io/yem3k,Albert,2022-12-20,2025-03-03,,United States,797405,https://test.osf.io/dgj72 ; https://test.osf.io/vte3j,Longze Chen - Super ; Fitz Elliott,,,Artistic License 2.0,,
https://test.osf.io/v2p85,"Study 2: Replication of Sharma et al., 2010 (Cell)",2021-09-02,2021-11-19,,United States,0,https://test.osf.io/783bw ; https://test.osf.io/guycf,Nici Product ; Tim Errington,,,CC-By Attribution 4.0 International,,
https://test.osf.io/7sjvh,asdf,2018-06-04,2018-06-04,,United States,2463549,https://test.osf.io/gd37a,joshua,,,,,
https://test.osf.io/58pz9,JKLM - DC Test - Another Collection Project - 02062023,2023-02-06,2023-02-17,,United States,0,https://test.osf.io/e3sfk ; https://test.osf.io/uzsqc,DC Test  Emu ; DC Test - Owl,,,CC0 1.0 Universal,,
https://test.osf.io/3my8w,Effect of coffee on neural activity,2019-02-12,2020-10-07,https://doi.org/10.5072/OSF.IO/3MY8W,United States,268734,https://test.osf.io/cb5nt ; https://test.osf.io/djvfh,Davidtest Mellor ; Alex DeHaven,,,CC-By Attribution 4.0 International,,
https://test.osf.io/4mzr7,Josh's Awesome Component (of Justice),2019-04-12,2019-04-12,,United States,0,https://test.osf.io/nvxzg,Josh Hernandez,,,GNU General Public License (GPL) 2.0,,
https://test.osf.io/uh2aw,Josh MFR Testing,2025-11-04,2025-11-04,,United States,7753375,https://test.osf.io/nvxzg,Josh Hernandez,15,,,,
https://test.osf.io/adhy4,SPAM!,2023-03-02,2023-03-02,,United States,0,https://test.osf.io/jkmq7,Jon Walz,2,,,,
https://test.osf.io/47zd5,I like pie,2018-02-12,2018-02-12,,United States,0,https://test.osf.io/5jqnu,Rebecca Rosenblatt,,,,,
https://test.osf.io/5ed72,Financial Report,2023-10-16,2023-10-16,,United States,0,https://test.osf.io/atryg,Blaine Butler,,,CC-By Attribution-NonCommercial-NoDerivatives 4.0 International,,
https://test.osf.io/dz4tf,A fifth child,2019-04-22,2019-04-22,,United States,0,https://test.osf.io/b67y5 ; https://test.osf.io/mfnwq,Dawn Pattison 50 ; Dawn Pattison,,,,,
https://test.osf.io/r5h32,www.evil.com,2022-11-22,2022-11-22,,United States,0,https://test.osf.io/kbc2d,Matt,1,,,,
https://test.osf.io/3s7y9,Red MOon 2018,2018-07-27,2018-07-27,,United States,14979,https://test.osf.io/ghdnm ; https://test.osf.io/rx4vp,Orange Order ; Blue Middle Family,,,GNU General Public License (GPL) 3.0,,
https://test.osf.io/3aecd,Test Description Data Issue,2020-05-13,2021-03-08,,United States,0,https://test.osf.io/mraqk,Bri L Luis,,,,,
https://test.osf.io/aej5t,My New Research Project,2025-10-02,2025-10-02,,United States,0,https://test.osf.io/h9jng,Crystal Steltenpohl,,,CC0 1.0 Universal,,
https://test.osf.io/hnjpc,SPARC demo,2023-01-31,2023-09-28,,United States,0,https://test.osf.io/atryg,Blaine Butler,,,CC0 1.0 Universal,,
https://test.osf.io/kn6uh,Test all Addons,2025-02-24,2025-04-14,,United States,345083,https://test.osf.io/5ckty ; https://test.osf.io/kzqhy,OSFTestingReadOnlyUser ; Ramyashri Virajamangala,2,,CC0 1.0 Universal,,
https://test.osf.io/k7a5j,c4,2020-11-16,2021-03-23,,United States,0,https://test.osf.io/kbc2d,Matt,,,,,
https://test.osf.io/sc9xj,newCAS OAuth 2.0 Server Test Project,2021-04-08,2021-04-13,,United States,0,https://test.osf.io/dgj72,Longze Chen - Super,,,,,
https://test.osf.io/avhsb,DC Test - Collection Project - 01252023,2023-01-25,2023-01-25,,United States,0,https://test.osf.io/6hg5p ; https://test.osf.io/c6nfv ; https://test.osf.io/zpvad,DC Test - Multiple Institutions ; DC Test - Snake ; DC Test Shark,2,,CC0 1.0 Universal,,
https://test.osf.io/v9cbt,ENG-6096 QA Test Project,2024-09-30,2025-02-12,,United States,13705,https://test.osf.io/83e7r ; https://test.osf.io/c6zxh ; https://test.osf.io/kbc2d ; https://test.osf.io/kzqhy ; https://test.osf.io/p8yhf,Matt Fraz ; Josh Hernandez ; Matt ; Ramyashri Virajamangala ; LC Test - Creator Admin Contributor,1,,,,
https://test.osf.io/bhw8z,Study 3,2020-07-19,2020-07-20,,United States,0,https://test.osf.io/cdr63 ; https://test.osf.io/g9hjn ; https://test.osf.io/q3jfw,Eric Olson ; Kayla Brown ; Claire Riss,,,CC-By Attribution 4.0 International,,
https://test.osf.io/29kep,Predicting community resiliency in the age of COVID-19: the role of mindfulness in wellbeing,2020-07-17,2020-07-29,,United States,0,https://test.osf.io/cdr63 ; https://test.osf.io/g9hjn ; https://test.osf.io/q3jfw,Eric Olson ; Kayla Brown ; Claire Riss,,,CC-By Attribution 4.0 International,Github ; Google Drive,
https://test.osf.io/7dsqw,c8,2020-11-16,2021-03-23,,United States,0,https://test.osf.io/kbc2d,Matt,,,,,
https://test.osf.io/cbrqv,Political Ideology and Age,2020-01-21,2020-04-03,,United States,105551,https://test.osf.io/3pwky ; https://test.osf.io/783bw ; https://test.osf.io/e97wk ; https://test.osf.io/f3bdm,Sara Bowman ; Nici Product ; Ash Ayman Shairzay ; Nicole Pfeiffer,,,CC-By Attribution-ShareAlike 4.0 International,,
https://test.osf.io/unqh7,UoL - SSO Migration Testing - New Student User Workflow,2025-09-30,2025-09-30,,United States,0,https://test.osf.io/p8yhf ; https://test.osf.io/sthu9,LC Test - Creator Admin Contributor ; Test Ulip Student D (Student);test.ulipstudentd@london.ac.uk,,,,,
https://test.osf.io/xd3tc,Detailed Report,2023-10-16,2023-11-14,,United States,0,https://test.osf.io/atryg,Blaine Butler,,Dataset,CC-By Attribution-NonCommercial-NoDerivatives 4.0 International,,
https://test.osf.io/emsuw,[Dashboard] New and Noteworthy,2024-01-26,2024-01-26,,,,https://test.osf.io/kbc2d,Matt,,,,,
https://test.osf.io/tk93u,Wedding,2022-07-08,2023-10-12,,United States,3852607,https://test.osf.io/atryg ; https://test.osf.io/c78ru ; https://test.osf.io/waq6d,Blaine Butler ; Gretchen Gueguen ; Daniel Steger,,,CC-By Attribution 4.0 International,,
https://test.osf.io/4wnmh,ffffff,2021-06-28,2021-06-28,,United States,0,https://test.osf.io/qnaus,Futa COS Ikeda,,,,,
https://test.osf.io/7x9mk,SNIFFING,2023-12-15,2024-03-06,,United States,0,https://test.osf.io/atryg,Blaine Butler,,,MIT License,,
https://test.osf.io/vzkbc,Testing 33,2022-08-02,2023-09-28,,United States,24790,https://test.osf.io/atryg ; https://test.osf.io/fs8ux,Blaine Butler ; Daniel Steger,,,CC-By Attribution 4.0 International,,
https://test.osf.io/asq4v,Test project123,2025-10-07,2025-10-11,,United States,5256247,https://test.osf.io/5ckty ; https://test.osf.io/d7fpq ; https://test.osf.io/kzqhy ; https://test.osf.io/t82fv,OSFTestingReadOnlyUser ; Pavlo Shtohryn ; Ramyashri Virajamangala ; OSFTesting+Read+Write+User,16,,No license,Bitbucket ; Box ; Dropbox ; Google Drive ; Onedrive ; ownCloud ; S3,
https://test.osf.io/n89ws,c1,2020-11-16,2021-04-28,,United States,0,https://test.osf.io/kbc2d,Matt,,,,,
https://test.osf.io/q94tg,thnthnthnth,2019-03-06,2024-03-03,,United States,4214367,https://test.osf.io/kxu2z,Abram Booth,1,Book,MIT License,,
https://test.osf.io/43e5k,well,2018-08-02,2018-09-27,,United States,0,https://test.osf.io/75awp,Lauren Revere &amp;&gt; test 2,,,,,
https://test.osf.io/mquvg,DC Test - Public Project - 03272023,2023-03-27,2023-03-27,,United States,0,https://test.osf.io/afjrt,DC Test Duck,3,,,,
https://test.osf.io/a8wmq,nesting!,2019-05-31,2019-06-03,,United States,63352576,https://test.osf.io/3pwky,Sara Bowman,,,,,
https://test.osf.io/4ape7,Component 1,2023-05-26,2023-05-26,,United States,0,https://test.osf.io/e3sfk,DC Test  Emu,1,,GNU General Public License (GPL) 3.0,,
https://test.osf.io/hm2q3,EMBSI demo2,2023-01-20,2023-09-28,,United States,18402,https://test.osf.io/atryg,Blaine Butler,,,CC0 1.0 Universal,,
https://test.osf.io/x3yv9,Test alphabet file,2019-09-11,2019-09-12,,Germany - Frankfurt,196668,https://test.osf.io/mfnwq,Dawn Pattison,,,,,
https://test.osf.io/kue57,test comp,2025-10-17,2025-10-17,,United States,74069,https://test.osf.io/cdr63,Eric Olson,,,CC0 1.0 Universal,Google Drive ; S3 ; Zotero,
https://test.osf.io/4ks3d,Magnets are really fun,2021-10-12,2025-05-22,,United States,29284,https://test.osf.io/a6d4c ; https://test.osf.io/cdr63,Test Claim ; Eric Olson,6,,CC-By Attribution 4.0 International,Dataverse,
https://test.osf.io/7rpj5,DC Test - New Public Project - 01272022,2022-01-27,2022-01-27,,United States,0,https://test.osf.io/wujvb,DC Test Cow,,,,,
https://test.osf.io/42ra3,c2,2020-11-16,2021-03-23,,United States,0,https://test.osf.io/kbc2d,Matt,,,,,
https://test.osf.io/zqkvc,New embargoed registration,2025-10-08,2025-11-12,,United States,10167899,https://test.osf.io/kzqhy,Ramyashri Virajamangala,5,,Artistic License 2.0,,
https://test.osf.io/ah7v2,Inter-FC,2025-02-26,2025-09-18,,United States,10987703,https://test.osf.io/atryg,Blaine Butler,,,CC-By Attribution-NonCommercial-NoDerivatives 4.0 International,,
https://test.osf.io/xy5er,c9,2020-11-16,2021-03-23,,United States,0,https://test.osf.io/kbc2d,Matt,,,,,
https://test.osf.io/e2kay,jgjhfjhg,2019-01-03,2019-01-03,,Canada - Montréal,10654,https://test.osf.io/42u8f,James C. Davis,,,,,
https://test.osf.io/rbkgj,DC Test - Public Project with Component - 05262023,2023-05-26,2023-06-30,,United States,3593,https://test.osf.io/c6nfv ; https://test.osf.io/e3sfk ; https://test.osf.io/uzsqc ; https://test.osf.io/v6esk ; https://test.osf.io/zpvad,DC Test - Snake ; DC Test  Emu ; DC Test - Owl ; DC Test - Squid ; DC Test Shark,2,,GNU General Public License (GPL) 3.0,,
https://test.osf.io/3wk2u,Detailed Report,2023-10-16,2023-10-16,,United States,0,https://test.osf.io/atryg,Blaine Butler,1,,CC-By Attribution-NonCommercial-NoDerivatives 4.0 International,,
https://test.osf.io/v5e2u,hi,2018-05-24,2018-10-12,,United States,195616,https://test.osf.io/dkfhp,Lauren Revere,,,,GitLab,
https://test.osf.io/79ayj,A fourth child,2019-04-22,2019-04-22,,United States,0,https://test.osf.io/b67y5 ; https://test.osf.io/mfnwq,Dawn Pattison 50 ; Dawn Pattison,,,,,
https://test.osf.io/x8a6f,Testing DOI minting,2025-04-09,2025-04-09,https://doi.org/10.70102/FK2OSF.IO/X8A6F,United States,0,https://test.osf.io/atryg,Blaine Butler,1,,,,
https://test.osf.io/3x4qf,This is an example,2020-12-10,2022-09-26,,United States,0,https://test.osf.io/cdr63 ; https://test.osf.io/cnhwy,Eric Olson ; Sophia,,,CC-By Attribution-NonCommercial-NoDerivatives 4.0 International,,
https://test.osf.io/5qrxt,Test project,2020-02-04,2023-03-29,,United States,0,https://test.osf.io/89pbz ; https://test.osf.io/mq5ek ; https://test.osf.io/zdp52,Yuhuai Liu Test User 2 ; Yuhuai Liu Test User ; Yuhuai Liu,1,,,,
https://test.osf.io/utnq8,Test 1,2023-07-12,2023-09-28,https://doi.org/10.70102/FK2OSF.IO/UTNQ8,United States,2523331,https://test.osf.io/atryg,Blaine Butler,1,,CC0 1.0 Universal,,
https://test.osf.io/xzq4s,Child component for blank registration,2025-10-07,2025-10-08,,United States,0,https://test.osf.io/cdr63 ; https://test.osf.io/nvxzg,Eric Olson ; Josh Hernandez,,,No license,,
https://test.osf.io/5rnfj,New manual regression,2025-11-26,2025-11-26,https://doi.org/10.70102/FK2OSF.IO/5RNFJ,United States,51792,https://test.osf.io/aepjy ; https://test.osf.io/kzqhy ; https://test.osf.io/t82fv ; https://test.osf.io/wdrkx,OSF Runscope Read ; Ramyashri Virajamangala ; OSFTesting+Read+Write+User ; OSF Test Admin,32,Book,No license,Box,"Nanoscience and Nanoengineering, Duke University"
https://test.osf.io/mrhzt,▷ Někdo to rád horké celý film (1959-HD) — CZ'film online HD,2021-02-24,2021-02-24,,United States,0,https://test.osf.io/4ytz7,Corbin Sanders,,,,,
https://test.osf.io/ak8ty,Progress Report [TEMPLATE],2023-10-13,2023-10-16,,United States,0,https://test.osf.io/atryg,Blaine Butler,,,CC-By Attribution-NonCommercial-NoDerivatives 4.0 International,,
https://test.osf.io/s5txc,test affil comp 2,2025-10-17,2025-10-17,,Germany - Frankfurt,0,https://test.osf.io/cdr63,Eric Olson,,,CC0 1.0 Universal,,
https://test.osf.io/ndrzv,Douglas Fur &amp; Clementine,2022-12-20,2025-09-18,,United States,0,https://test.osf.io/c78ru,Gretchen Gueguen,,,CC-By Attribution 4.0 International,Google Drive,
https://test.osf.io/j48h5,Data,2019-11-15,2019-11-15,,United States,0,https://test.osf.io/3pwky ; https://test.osf.io/783bw,Sara Bowman ; Nici Product,,,CC0 1.0 Universal,,
https://test.osf.io/jdxrc,"Templated from [LIVECONCERT] Marc Anthony in Estadio Rommel Fernández, Panama City, Panama ~ Full Stream",2025-10-06,2025-10-06,,United States,0,https://test.osf.io/h9jng,Crystal Steltenpohl,,,,,
https://test.osf.io/de9h5,hello,2020-01-30,2020-04-03,,United States,0,https://test.osf.io/3pwky ; https://test.osf.io/e97wk,Sara Bowman ; Ash Ayman Shairzay,,,Other,,
https://test.osf.io/63gqa,Affilation On This Project,2019-12-03,2020-01-23,,United States,0,https://test.osf.io/gmea2,Amanda Test Liscouski,,,,,
https://test.osf.io/yxevk,New component,2025-11-13,2025-11-20,,United States,0,https://test.osf.io/5ckty ; https://test.osf.io/kzqhy ; https://test.osf.io/t82fv ; https://test.osf.io/wdrkx,OSFTestingReadOnlyUser ; Ramyashri Virajamangala ; OSFTesting+Read+Write+User ; OSF Test Admin,,,CC0 1.0 Universal,,
https://test.osf.io/f38xj,Canada,2020-01-09,2020-01-14,,Canada - Montréal,3633,https://test.osf.io/rx4vp,Blue Middle Family,,,,ownCloud ; Zotero,
https://test.osf.io/83dmf,2018 QA Runscope Master Project,2018-09-06,2025-01-21,,United States,50496,https://test.osf.io/9p57h ; https://test.osf.io/f5yx7,QA Runscope ; QA4OSF,1,,Apache License 2.0,Box ; Amazon S3,
https://test.osf.io/p47mx,Detailed report,2023-10-13,2023-10-13,,United States,0,https://test.osf.io/atryg,Blaine Butler,,,CC-By Attribution-NonCommercial-NoDerivatives 4.0 International,,
https://test.osf.io/4pake,another test,2025-09-30,2025-10-02,,United States,753265,https://test.osf.io/783bw,Nici Product,,,Apache License 2.0,,
https://test.osf.io/e8bc2,Curriculum test &amp; ^ % # &gt; &lt;,2022-01-14,2025-11-19,https://doi.org/10.70102/FK2OSF.IO/E8BC2,United States,1942196,https://test.osf.io/cdr63 ; https://test.osf.io/qnz75 ; https://test.osf.io/yefmg,Eric Olson ; Blaine Unregistered ; Eric unregistered,19,,CC0 1.0 Universal,Bitbucket ; Box ; Dataverse ; Dropbox ; Github ; Google Drive ; S3 ; Zotero,
https://test.osf.io/mw983,Dataset 1,2023-02-02,2023-09-28,,United States,0,https://test.osf.io/atryg,Blaine Butler,,,CC-By Attribution 4.0 International,,
https://test.osf.io/a3xr8,Testing,2023-01-04,2023-09-28,,United States,0,https://test.osf.io/atryg,Blaine Butler,,,CC0 1.0 Universal,,
https://test.osf.io/tabmk,Semi-Annual Progress Report 2,2023-10-16,2023-10-16,,United States,0,https://test.osf.io/atryg,Blaine Butler,1,,CC-By Attribution-NonCommercial-NoDerivatives 4.0 International,,
https://test.osf.io/6bk2j,c3,2020-11-16,2021-03-23,,United States,0,https://test.osf.io/kbc2d,Matt,,,,,
https://test.osf.io/wa3eq,This is a test,2025-02-07,2025-03-28,,Canada - Montréal,261845,https://test.osf.io/cdr63,Eric Olson,,,GNU General Public License (GPL) 3.0,,
https://test.osf.io/3825p,VRL - Dataverse Link Baseline Project - Edited to Trigger SHARE Update,2025-07-04,2025-07-10,,United States,0,https://test.osf.io/dgj72,Longze Chen - Super,,,,Dataverse ; Dropbox,
https://test.osf.io/cjzke,Component 1,2025-05-15,2025-10-07,,United States,1291,https://test.osf.io/nvxzg,Josh Hernandez,,,Artistic License 2.0,,
https://test.osf.io/gj4pq,test,2024-09-19,2024-09-19,https://doi.org/10.70102/FK2OSF.IO/GJ4PQ,United States,3599,https://test.osf.io/fs8ux,Daniel Steger,,,,,
https://test.osf.io/pv846,LC Test - First App for Angular FE,2025-10-13,2025-10-13,,United States,0,https://test.osf.io/dgj72,Longze Chen - Super,,,,,
https://test.osf.io/wk87r,The Recession Mounts the Ivory Tower: How the Lillian Goldman Law Library at Yale has met the Challenges Posed by a Declining Economy,2018-04-12,2020-09-16,,United States,2581382,https://test.osf.io/783bw ; https://test.osf.io/8quen ; https://test.osf.io/zgbq5,Nici Product ; Lawarxiv Bot ; Jane Doe,,,CC0 1.0 Universal,,
https://test.osf.io/fsvkn,DC Test - Project with Files - 03222022,2022-03-22,2022-03-22,,United States,4094,https://test.osf.io/zpvad,DC Test Shark,,,,Google Drive,
https://test.osf.io/mr6q2,Public Component,2022-12-19,2022-12-19,,United States,0,https://test.osf.io/hwkr8 ; https://test.osf.io/wzrnh,Mark Read 12.22 ; Mark Admin 12.22,3,,Apache License 2.0,,
https://test.osf.io/v6txs,"This is a test, only a test",2021-09-17,2022-02-28,https://doi.org/10.70102/FK2OSF.IO/V6TXS,United States,42764,https://test.osf.io/fs8ux,Daniel Steger,,,,,
https://test.osf.io/b2sac,bunch of components,2020-11-16,2021-03-23,https://doi.org/10.70102/FK2OSF.IO/B2SAC,United States,0,https://test.osf.io/kbc2d,Matt,6,,,,
https://test.osf.io/ks4jx,Financial Report,2023-10-16,2023-10-16,,United States,0,https://test.osf.io/atryg,Blaine Butler,,,CC-By Attribution-NonCommercial-NoDerivatives 4.0 International,,
https://test.osf.io/nprh9,Data collection and publishing guidelines,2021-09-02,2021-11-19,,United States,0,https://test.osf.io/783bw,Nici Product,,,CC-By Attribution 4.0 International,,
https://test.osf.io/eqcdu,a new project,2019-02-13,2019-04-19,https://doi.org/10.5072/OSF.IO/EQCDU,United States,0,https://test.osf.io/3pwky,Sara Bowman,,,,,
https://test.osf.io/w4py6,layer 2b,2025-10-17,2025-10-17,,United States,1254942,https://test.osf.io/cdr63,Eric Olson,,,CC0 1.0 Universal,,
https://test.osf.io/ukdjr,Parent COS; Child none,2019-03-28,2020-06-09,,United States,0,https://test.osf.io/k2gfx ; https://test.osf.io/pkdtg,Onyx ; Ginger Glad Green,,,,,
https://test.osf.io/jvbat,test spam 2,2023-02-15,2025-02-10,,United States,0,https://test.osf.io/t6puw ; https://test.osf.io/ydhnf,john ; John Tordoff,1,,,,
https://test.osf.io/r58yh,Qualitative study,2025-04-09,2025-05-01,https://doi.org/10.70102/FK2OSF.IO/R58YH,United States,26012,https://test.osf.io/8j25u,Michaela Riggio,,,,,
https://test.osf.io/k4652,checkout toast,2019-04-09,2021-02-17,,United States,2157044,https://test.osf.io/dk53u,A Dino,,,,,
https://test.osf.io/s73px,test3,2025-02-18,2025-02-19,,United States,0,https://test.osf.io/wjqbp,My Researcher,,Dataset,,,
https://test.osf.io/6f9tb,ASIST Experiment 2,2019-11-15,2020-01-23,,United States,4030,https://test.osf.io/3pwky ; https://test.osf.io/783bw ; https://test.osf.io/q9k85,Sara Bowman ; Nici Product ; Sara ORCID3,,,CC0 1.0 Universal,,
https://test.osf.io/yzpwf,High-throughput microfluidics screening of probiotic bacteria,2025-02-07,2025-02-07,,United States,26915,https://test.osf.io/fs8ux,Daniel Steger,,,,,
https://test.osf.io/8psb6,Study 1,2025-10-15,2025-10-30,,United States,0,https://test.osf.io/atryg,Blaine Butler,3,,Academic Free License (AFL) 3.0,Google Drive,
https://test.osf.io/fx4dc,ASIST Experiment 3,2019-11-15,2019-11-16,,United States,0,https://test.osf.io/3pwky ; https://test.osf.io/783bw,Sara Bowman ; Nici Product,1,,,,
https://test.osf.io/mfzx3,Hello,2019-09-05,2019-09-06,https://doi.org/10.70102/OSF.IO/MFZX3,Germany - Frankfurt,3169,https://test.osf.io/mfnwq,Dawn Pattison,,,,Redirect Link,
https://test.osf.io/k9tdn,ZZ - DC Test - Collection Project - 02062023,2023-02-06,2023-02-06,,United States,0,https://test.osf.io/afjrt ; https://test.osf.io/q9sxz ; https://test.osf.io/v6esk,DC Test Duck ; DC Test - Orca ; DC Test - Squid,,,CC0 1.0 Universal,,
https://test.osf.io/ey97f,Test component without description,2025-02-03,2025-05-28,,United States,0,https://test.osf.io/kzqhy ; https://test.osf.io/t82fv ; https://test.osf.io/ugp32,Ramyashri Virajamangala ; OSFTesting+Read+Write+User ; OSFTesting+Multi+Affs,,,CC0 1.0 Universal,,
https://test.osf.io/j2pg5,wiki_testing,2019-03-14,2019-08-14,,United States,149093,https://test.osf.io/fmdsh,Jeffrey M. Clark,,,,,
https://test.osf.io/ckdrf,Uday Test Public Project,2020-03-25,2020-03-25,,United States,0,https://test.osf.io/udcnb,Uday Varkhedkar,,,,,
https://test.osf.io/bucjh,Gryff,2023-09-08,2025-01-08,,United States,16372407,https://test.osf.io/atryg ; https://test.osf.io/fs8ux ; https://test.osf.io/uwdve,Blaine Butler ; Daniel Steger ; Fake Person,1,,,,
https://test.osf.io/qzph3,Subcomponent,2020-05-07,2021-03-08,,United States,0,https://test.osf.io/mraqk,Bri L Luis,,,,,
https://test.osf.io/cg46x,Py3 From Quick File,2020-01-16,2020-01-16,,Canada - Montréal,45,https://test.osf.io/rx4vp,Blue Middle Family,1,,,,
https://test.osf.io/kza6r,askdjhaskjdhaskjdh,2019-03-30,2019-03-30,,United States,14742,https://test.osf.io/kbc2d,Matt,,,,,
https://test.osf.io/dgryq,Hypothesis: id aliquet lectus proin nibh,2019-11-15,2019-11-16,,United States,0,https://test.osf.io/3pwky ; https://test.osf.io/783bw,Sara Bowman ; Nici Product,,,,,
https://test.osf.io/9dyfb,"Hypothesis: Etiam commodo mauris leo, at.",2019-11-15,2019-11-16,,United States,0,https://test.osf.io/3pwky ; https://test.osf.io/783bw,Sara Bowman ; Nici Product,,,CC0 1.0 Universal,,
https://test.osf.io/xh89w,Ursa,2022-12-20,2024-06-02,,United States,2642334,https://test.osf.io/8qhse ; https://test.osf.io/atryg ; https://test.osf.io/fs8ux ; https://test.osf.io/ma473,kyle gumlock ; Blaine Butler ; Daniel Steger ; Thomas Turgeon,,,CC0 1.0 Universal,,
https://test.osf.io/hspx5,Test component for registration,2025-10-16,2025-10-16,,United States,0,https://test.osf.io/kzqhy,Ramyashri Virajamangala,,,Apache License 2.0,,
https://test.osf.io/wpv72,DC Test - Public Component - 01272022,2022-01-27,2022-01-27,,United States,0,https://test.osf.io/wujvb,DC Test Cow,,,,,
https://test.osf.io/y89ds,Test Project,2024-08-19,2025-06-18,,Germany - Frankfurt,75205230,https://test.osf.io/uwdve,Fake Person,3,,CC0 1.0 Universal,Google Drive,
https://test.osf.io/bt798,"The Attitudes, Identities, and Individual Differences (AIID) Study and Dataset",2025-09-16,2025-09-17,,United States,0,https://test.osf.io/atryg,Blaine Butler,,,,,National Science Foundation
https://test.osf.io/3tqvb,DOI test 6.12.25,2025-06-12,2025-06-12,,United States,0,https://test.osf.io/qa6hy,Adrian Novak,1,,,,
https://test.osf.io/cn6fd,Proposed Project [TEMPLATE],2023-10-16,2023-10-16,,United States,0,https://test.osf.io/atryg,Blaine Butler,,,CC-By Attribution-NonCommercial-NoDerivatives 4.0 International,,
https://test.osf.io/jed9c,test wiki,2025-09-17,2025-09-18,https://doi.org/10.70102/FK2OSF.IO/JED9C,United States,5981456,https://test.osf.io/cdr63,Eric Olson,1,,,,
https://test.osf.io/gyvbx,New dashboard test,2024-11-21,2025-06-09,https://doi.org/10.70102/FK2OSF.IO/GYVBX,United States,10169215,https://test.osf.io/kzqhy ; https://test.osf.io/t82fv ; https://test.osf.io/ugp32,Ramyashri Virajamangala ; OSFTesting+Read+Write+User ; OSFTesting+Multi+Affs,,Book,CC0 1.0 Universal,Redirect Link,NFL Charities
https://test.osf.io/kyrf9,"Exploring the Interplay Between Quantum Entanglement, Decoherence, and Information Preservation in Open Quantum Systems: A Comparative Study of Theoretical Models and Experimental Approaches",2025-06-10,2025-10-07,,United States,345962,https://test.osf.io/nvxzg,Josh Hernandez,3,,No license,,
https://test.osf.io/6xr32,test,2025-02-05,2025-02-05,,United States,0,https://test.osf.io/kzqhy,Ramyashri Virajamangala,,,,,
https://test.osf.io/64vpk,Bulk Upload Test - Non-bibliographic Initiator,2021-12-21,2021-12-21,,United States,0,https://test.osf.io/t49sy ; https://test.osf.io/xcrs8,LC Test - READ Contributor ; LC Test - Institutions,,,,,
https://test.osf.io/se25q,Dataset 2,2023-02-02,2023-09-28,,United States,0,https://test.osf.io/atryg,Blaine Butler,1,,CC-By Attribution 4.0 International,,
https://test.osf.io/8yanc,test5,2022-09-29,2023-01-31,,Germany - Frankfurt,0,https://test.osf.io/cdr63,Eric Olson,,Book,CC0 1.0 Universal,,Office of Nuclear Facilities Management
https://test.osf.io/q52pm,Component 3,2023-05-26,2023-06-15,,United States,437,https://test.osf.io/e3sfk,DC Test  Emu,1,,,,
https://test.osf.io/epxgr,Templated from tmp,2025-10-06,2025-10-07,,United States,0,https://test.osf.io/cdr63,Eric Olson,,,,,
https://test.osf.io/2kc8f,climate is great and this is change,2025-10-11,2025-10-11,,Canada - Montréal,0,https://test.osf.io/cdr63,Eric Olson,,,,,
https://test.osf.io/5r9c7,Test 44,2022-07-20,2024-06-02,,United States,10736278,https://test.osf.io/atryg,Blaine Butler,,,CC0 1.0 Universal,,
https://test.osf.io/xzauf,GV Session / Angular Registration Addon Issue,2025-10-08,2025-10-10,,United States,0,https://test.osf.io/dgj72,Longze Chen - Super,,,,Dropbox,
https://test.osf.io/uecys,Templated from Fork of College Choice: Importance of Information about Colleges,2023-09-27,2025-10-08,,Canada - Montréal,0,https://test.osf.io/cdr63,Eric Olson,,,CC0 1.0 Universal,,Michael J. Fox Foundation for Parkinson's Research
https://test.osf.io/pkjyb,Forward to failure,2024-08-19,2024-08-19,,United States,0,https://test.osf.io/vte3j,Fitz Elliott,,,,,
https://test.osf.io/v2wts,Py3 From Quick File,2020-01-16,2020-01-16,,Canada - Montréal,0,https://test.osf.io/rx4vp,Blue Middle Family,,,,,
https://test.osf.io/3mv9q,UAT Component,2025-11-20,2025-11-20,,United States,0,https://test.osf.io/nvxzg,Josh Hernandez,5,,,,
https://test.osf.io/3vmeh,Mobile Health,2024-12-04,2025-02-25,,United States,11979,https://test.osf.io/qa6hy,Adrian Novak,,Book,,ownCloud,
https://test.osf.io/q38cw,Fork of Curriculum test &amp; ^ % # &gt; &lt;,2025-10-17,2025-10-17,,United States,601656,https://test.osf.io/cdr63,Eric Olson,,,CC0 1.0 Universal,Bitbucket ; Box ; Dataverse ; Dropbox ; Github ; Google Drive ; S3 ; Zotero,
https://test.osf.io/xkhr6,this is a sub project,2025-02-26,2025-03-04,,United States,0,https://test.osf.io/atryg ; https://test.osf.io/c78ru,Blaine Butler ; Gretchen Gueguen,,,,,
https://test.osf.io/tavwh,c6,2020-11-16,2021-03-23,,United States,0,https://test.osf.io/kbc2d,Matt,,,,,
https://test.osf.io/ug7kz,Protocol 2,2023-01-26,2023-09-28,,United States,0,https://test.osf.io/atryg,Blaine Butler,,,CC0 1.0 Universal,,
https://test.osf.io/jskqf,Data,2023-09-05,2025-11-20,,United States,0,https://test.osf.io/c78ru,Gretchen Gueguen,4,,CC0 1.0 Universal,,
https://test.osf.io/bc8u3,Legacy Affiliation,2019-03-28,2019-04-27,,United States,170455,https://test.osf.io/k2gfx ; https://test.osf.io/rx4vp,Onyx ; Blue Middle Family,1,,,,
https://test.osf.io/ruwts,Test supplement project,2025-01-13,2025-01-13,,United States,0,https://test.osf.io/kzqhy,Ramyashri Virajamangala,,,,,
https://test.osf.io/bcu5d,Slime is Just Slime,2017-08-16,2017-08-16,,United States,0,https://test.osf.io/j7zqc,Todd Sacco,,,CC0 1.0 Universal,,
https://test.osf.io/u3pex,Test 100,2022-11-23,2023-09-28,,United States,0,https://test.osf.io/atryg,Blaine Butler,,,Apache License 2.0,,
https://test.osf.io/nftzq,Test Component [ANG-905],2025-10-08,2025-10-08,,United States,0,https://test.osf.io/nvxzg,Josh Hernandez,,,,,
https://test.osf.io/mqpg2,Test Project,2024-07-30,2025-02-06,,United States,16306,https://test.osf.io/4yjuh ; https://test.osf.io/b4vph ; https://test.osf.io/jwcfx ; https://test.osf.io/kzqhy ; https://test.osf.io/m2xzw ; https://test.osf.io/sfjny ; https://test.osf.io/t82fv ; https://test.osf.io/v7haf ; https://test.osf.io/w43v2,Mark (Read) ; Selenium Test Edge ; Selenium Framework Testing Chrome Two ; Ramyashri Virajamangala ; Read Only Read ; Write &amp;Read Write ; OSFTesting+Read+Write+User ; Mark Read ; Selenium Edge Deprecated4,,,CC0 1.0 Universal,,NFL Charities
https://test.osf.io/hu3fj,Test for existing behavior,2019-04-22,2019-04-22,,United States,0,https://test.osf.io/b67y5 ; https://test.osf.io/mfnwq,Dawn Pattison 50 ; Dawn Pattison,,,,,
https://test.osf.io/rxcpf,Canopy measurements within Shenandoah National Park,2024-01-30,2025-09-17,,Canada - Montréal,20855822,https://test.osf.io/cdr63 ; https://test.osf.io/uaq64,Eric Olson ; Clark Kent,1,,CC-By Attribution 4.0 International,Github,
https://test.osf.io/3zrqe,Node 1,2019-12-26,2019-12-27,,United States,0,https://test.osf.io/gmea2 ; https://test.osf.io/rzbkw,Amanda Test Liscouski ; Pomona Sprout,,,,,
https://test.osf.io/pxe96,Verified Resource Links Test,2025-07-08,2025-10-01,,United States,2067127,https://test.osf.io/5ckty ; https://test.osf.io/kzqhy ; https://test.osf.io/t82fv ; https://test.osf.io/zkx2f,OSFTestingReadOnlyUser ; Ramyashri Virajamangala ; OSFTesting+Read+Write+User ; ramya+newuser,,,CC0 1.0 Universal,Google Drive ; S3,
https://test.osf.io/tb5s4,sdfsa,2021-09-29,2021-10-05,,United States,0,https://test.osf.io/fs8ux,Daniel Steger,,,,,
https://test.osf.io/zp37h,c5,2020-11-16,2021-03-23,,United States,0,https://test.osf.io/kbc2d,Matt,3,,,,
https://test.osf.io/s3wm4,New Research Project,2025-02-18,2025-02-19,,United States,0,https://test.osf.io/wjqbp,My Researcher,,,,,
https://test.osf.io/mux8d,filtoast,2019-11-19,2024-05-13,,United States,908849,https://test.osf.io/kxu2z,Abram Booth,,,No license,,
https://test.osf.io/sdtep,Timeline Snapshot,2023-10-16,2023-10-16,,United States,0,https://test.osf.io/atryg,Blaine Butler,,,CC-By Attribution-NonCommercial-NoDerivatives 4.0 International,,
https://test.osf.io/4xmvn,Gitlab Addon,2025-02-25,2025-10-03,,United States,0,https://test.osf.io/atryg,Blaine Butler,,,,GitLab,
https://test.osf.io/sx8wb,Character Lab Collection Moderation Demo,2023-01-04,2023-09-28,,United States,0,https://test.osf.io/atryg,Blaine Butler,,,CC0 1.0 Universal,,
https://test.osf.io/3wgxc,Fork of test contributor,2021-07-21,2025-03-28,,United States,1791113,https://test.osf.io/cdr63,Eric Olson,,,CC0 1.0 Universal,GitLab ; Onedrive,
https://test.osf.io/e4xw2,Test,2019-06-26,2019-06-27,,Germany - Frankfurt,8,https://test.osf.io/mfnwq,Dawn Pattison,,,,,
https://test.osf.io/hsfcp,Timeline snapshot,2023-10-13,2023-10-13,,United States,0,https://test.osf.io/atryg,Blaine Butler,,,CC-By Attribution-NonCommercial-NoDerivatives 4.0 International,,
https://test.osf.io/zh5qj,"Global Flourishing Outcome Data, US",2024-09-20,2025-02-18,,United States,30526982,https://test.osf.io/cdr63,Eric Olson,,,Eclipse Public License 1.0,,
https://test.osf.io/z9jg5,Study 1,2025-10-15,2025-10-15,,United States,0,https://test.osf.io/atryg,Blaine Butler,,,Academic Free License (AFL) 3.0,,
https://test.osf.io/utz25,Timeline snapshot,2023-10-16,2023-10-16,,United States,0,https://test.osf.io/atryg,Blaine Butler,,,CC-By Attribution-NonCommercial-NoDerivatives 4.0 International,,
https://test.osf.io/3ygum,My Research Project,2025-02-18,2025-02-19,,United States,0,https://test.osf.io/wjqbp,My Researcher,,,,,
https://test.osf.io/ehq3v,Grant Project Data,2025-02-18,2025-02-19,,United States,0,https://test.osf.io/wjqbp,My Researcher,,,,,Archival Education and Research Institute
https://test.osf.io/e46qc,Fork of Test DOI 2 June 12 25,2025-08-11,2025-08-11,,United States,0,https://test.osf.io/8627p,Mark (Write),,,CC0 1.0 Universal,,
https://test.osf.io/z2mtd,test 3- embargo,2021-09-20,2021-12-31,,United States,15903,https://test.osf.io/fs8ux,Daniel Steger,,,CC0 1.0 Universal,,
https://test.osf.io/bygpe,Preprint Phase 2,2024-03-19,2024-05-24,,United States,310053,https://test.osf.io/dgj72,Longze Chen - Super,1,,,,
https://test.osf.io/rf3zp,Test registration submission,2024-10-08,2025-02-06,,United States,16306,https://test.osf.io/kzqhy ; https://test.osf.io/t82fv,Ramyashri Virajamangala ; OSFTesting+Read+Write+User,,,CC-By Attribution 4.0 International,,
https://test.osf.io/vmugq,Analysis,2019-11-15,2019-11-16,,United States,0,https://test.osf.io/3pwky ; https://test.osf.io/783bw,Sara Bowman ; Nici Product,,,,,
https://test.osf.io/knfqz,Test,2020-07-02,2020-10-09,,United States,351663,https://test.osf.io/g9hjn,Kayla Brown,,,,,
https://test.osf.io/3xuks,test,2022-03-28,2022-05-02,https://doi.org/10.70102/FK2OSF.IO/3XUKS,United States,26854584,https://test.osf.io/fs8ux,Daniel Steger,,,,,
https://test.osf.io/5za2n,germany,2019-06-03,2019-10-16,https://doi.org/10.70102/OSF.IO/5ZA2N,Germany - Frankfurt,0,https://test.osf.io/3pwky ; https://test.osf.io/ahe9k ; https://test.osf.io/xgdn4,Sara Bowman ; Eric Test ; Sara Registered,,,,Google Drive,
https://test.osf.io/cj84f,test,2019-02-04,2019-02-04,,United States,0,https://test.osf.io/5jqnu,Rebecca Rosenblatt,,,,,
https://test.osf.io/wkh6u,With Addons,2020-01-16,2020-01-16,,Canada - Montréal,17861,https://test.osf.io/rx4vp,Blue Middle Family,,,,Bitbucket ; Box ; Dropbox ; Google Drive,
https://test.osf.io/sg8z4,Josh Testing,2025-10-07,2025-11-12,,United States,0,https://test.osf.io/5bs47 ; https://test.osf.io/nvxzg,Sagittarius the Archer ; Josh Hernandez,2,,No license,,
https://test.osf.io/zxgqv,Bulk Upload Test - Read-write  Initiator,2021-12-21,2021-12-21,,United States,0,https://test.osf.io/dgj72 ; https://test.osf.io/qs75f ; https://test.osf.io/t49sy ; https://test.osf.io/xcrs8,Longze Chen - Super ; LC Test - WRITE Contributor ; LC Test - READ Contributor ; LC Test - Institutions,,,,,
https://test.osf.io/eym7s,Test Test 22,2022-09-06,2023-09-28,,United States,3546,https://test.osf.io/atryg ; https://test.osf.io/fs8ux,Blaine Butler ; Daniel Steger,,,CC-By Attribution 4.0 International,,
https://test.osf.io/3jxv2,Provider - GitLab - Scope test,2020-03-31,2021-02-05,,United States,0,https://test.osf.io/vte3j,Fitz Elliott,,,,GitLab,
https://test.osf.io/vtnyz,blanktest,2023-03-14,2023-06-05,,United States,0,https://test.osf.io/kbc2d ; https://test.osf.io/mqxd5,Matt ; Marth Flounder,,,,,
https://test.osf.io/8cpzw,User Support Test,2020-03-31,2021-03-23,,United States,3313044,https://test.osf.io/mraqk,Bri L Luis,,,,Google Drive,
https://test.osf.io/begwy,DC Test - New Public Project - 09192022,2022-09-19,2023-02-20,,United States,216953,https://test.osf.io/e3sfk,DC Test  Emu,,,,,
https://test.osf.io/qp87r,Nici is Testing Angular,2025-09-30,2025-10-02,,Canada - Montréal,2758457,https://test.osf.io/783bw ; https://test.osf.io/cdr63,Nici Product ; Eric Olson,,,CC0 1.0 Universal,,NIH Blueprint for Neuroscience Research
https://test.osf.io/yekhx,Node 2,2019-12-26,2019-12-27,,United States,0,https://test.osf.io/gmea2 ; https://test.osf.io/rzbkw,Amanda Test Liscouski ; Pomona Sprout,,,,,
https://test.osf.io/mfxhw,Analysis,2019-11-15,2019-11-15,,United States,0,https://test.osf.io/3pwky ; https://test.osf.io/783bw,Sara Bowman ; Nici Product,,,CC0 1.0 Universal,,
https://test.osf.io/jsep7,Performance Test Project: Timing Variations and Spin Evolution in Radio Pulsars,2025-10-11,2025-10-20,https://doi.org/10.70102/FK2OSF.IO/JSEP7,United States,37426484,https://test.osf.io/8bd9a ; https://test.osf.io/9h4dy ; https://test.osf.io/nvxzg,Josh Google Inst ; Josh Write ; Josh Hernandez,1,OutputManagementPlan,Artistic License 2.0,,Fundação de Desenvolvimento Científico e Cultural ; Oxford Academic Health Science Centre
https://test.osf.io/4ds9h,Bulk Upload Test - Read-only Initiator,2021-12-21,2021-12-21,,United States,0,https://test.osf.io/dgj72 ; https://test.osf.io/qs75f ; https://test.osf.io/t49sy ; https://test.osf.io/xcrs8,Longze Chen - Super ; LC Test - WRITE Contributor ; LC Test - READ Contributor ; LC Test - Institutions,,,,,
https://test.osf.io/g47ar,SHARE Upgrade CRUD Project,2025-06-27,2025-06-27,,United States,0,https://test.osf.io/nvxzg,Josh Hernandez,,,,,
https://test.osf.io/tw3me,Bird Sounds,2024-08-13,2025-09-17,,United States,99574,https://test.osf.io/atryg ; https://test.osf.io/uwdve,Blaine Butler ; Fake Person,1,,,,
https://test.osf.io/vky6s,Test new component for spot check,2025-10-27,2025-10-27,,United States,0,https://test.osf.io/5ckty ; https://test.osf.io/kzqhy ; https://test.osf.io/t82fv ; https://test.osf.io/wdrkx,OSFTestingReadOnlyUser ; Ramyashri Virajamangala ; OSFTesting+Read+Write+User ; OSF Test Admin,,,Apache License 2.0,,
https://test.osf.io/7nwdq,Test Project 1,2024-06-03,2025-01-08,,United States,140629,https://test.osf.io/uwdve,Fake Person,2,,,figshare,
https://test.osf.io/ezdxf,test this,2024-09-20,2024-11-27,,Canada - Montréal,3181970,https://test.osf.io/cdr63,Eric Olson,1,Dataset,Other,Google Drive,Office of Naval Research
https://test.osf.io/hv927,test reg,2025-09-18,2025-10-13,,Canada - Montréal,0,https://test.osf.io/atryg,Blaine Butler,,,CC0 1.0 Universal,Google Drive,National Science Foundation
https://test.osf.io/x2h6n,DC Test - New Project - 04142022,2022-04-14,2023-02-06,,United States,3600,https://test.osf.io/afjrt ; https://test.osf.io/ps3hj ; https://test.osf.io/zpvad,DC Test Duck ; DC Test Dog ; DC Test Shark,,,CC0 1.0 Universal,Github,
https://test.osf.io/42fm3,sniff test,2023-12-15,2024-01-05,,United States,0,https://test.osf.io/kbc2d,Matt,,,CC-By Attribution 4.0 International,,
https://test.osf.io/cebsa,Test Contributor Claim &amp; Test Download Counts,2023-03-29,2023-05-19,,United States,309695,https://test.osf.io/dgj72,Longze Chen - Super,1,,,,
https://test.osf.io/vusr9,Testing collections,2025-01-14,2025-10-07,,United States,1059980,https://test.osf.io/nvxzg,Josh Hernandez,1,,Artistic License 2.0,Bitbucket ; Dataverse ; figshare ; Github ; GitLab ; Google Drive ; Mendeley ; Onedrive ; ownCloud ; S3 ; Zotero,
https://test.osf.io/vphbg,Google file picker test,2025-06-13,2025-06-17,,United States,1332073,https://test.osf.io/kzqhy,Ramyashri Virajamangala,4,,CC0 1.0 Universal,,
https://test.osf.io/8da4e,test comp 12,2025-10-23,2025-10-30,,Canada - Montréal,0,https://test.osf.io/cdr63,Eric Olson,,,CC0 1.0 Universal,,
https://test.osf.io/urkt6,This is my great survey,2020-10-07,2020-10-07,,United States,14465,https://test.osf.io/cb5nt,Davidtest Mellor,,,CC-By Attribution 4.0 International,,
https://test.osf.io/rzku9,VRL - Dataverse Storage Baseline Project,2025-07-04,2025-07-04,,United States,0,https://test.osf.io/dgj72,Longze Chen - Super,1,,,Dataverse ; Dropbox,
https://test.osf.io/s7tnp,test affil comp,2025-10-17,2025-10-17,,United States,84468,https://test.osf.io/cdr63,Eric Olson,,,CC0 1.0 Universal,Google Drive,
https://test.osf.io/kdbzy,layer 2,2025-10-17,2025-10-17,,United States,333102,https://test.osf.io/cdr63,Eric Olson,,,CC0 1.0 Universal,,
